CustomerID,Age,SubscriptionType,MonthlyCharges,TotalUsageHours,SupportTickets,ContractDuration_Months,Churn
1,63,Basic,142.5,485.17,9,12,1
2,53,Premium,121.9,226.76,4,12,0
3,39,Premium,66.13,434.4,7,12,0
4,32,Basic,73.58,397.89,1,1,0
5,45,Basic,91.45,189.5,6,1,0
6,63,Basic,127.97,154.42,3,24,0
7,43,Basic,28.93,256.21,8,24,1
8,47,Premium,75.16,401.61,0,1,0
9,35,Basic,30.74,482.08,6,24,0
10,35,Basic,86.91,393.61,5,1,0
11,48,Basic,136.86,434.84,7,12,1
12,60,Standard,121.72,321.38,4,12,0
13,64,Basic,49.62,425.93,0,24,0
14,48,Standard,146.88,402.99,0,24,0
15,27,Basic,106.76,219.64,8,1,0
16,46,Premium,21.36,298.4,9,24,1
17,26,Standard,53.2,412.14,5,1,0
18,48,Basic,53.89,70.73,9,12,1
19,54,Standard,29.0,413.64,4,12,0
20,62,Premium,144.78,130.05,0,12,0
21,26,Premium,82.17,281.61,5,1,0
22,45,Standard,136.46,413.72,5,24,0
23,57,Standard,61.89,164.22,2,1,0
24,36,Premium,36.28,160.61,7,1,0
25,46,Standard,81.66,231.24,0,12,0
26,49,Basic,34.81,452.59,0,1,0
27,51,Premium,83.18,50.2,5,24,0
28,52,Basic,139.64,455.62,9,1,1
29,40,Standard,87.7,119.21,0,1,0
30,39,Basic,100.14,495.54,5,24,0
31,27,Basic,40.36,479.68,0,12,1
32,61,Basic,25.69,272.6,5,1,1
33,31,Premium,34.41,280.72,2,12,0
34,45,Basic,97.81,266.7,7,12,0
35,33,Basic,32.35,335.95,5,12,0
36,63,Basic,68.88,90.82,0,1,1
37,42,Standard,91.51,64.68,4,24,0
38,28,Premium,70.52,75.97,7,24,0
39,49,Standard,41.28,249.96,2,12,0
40,38,Standard,55.59,174.0,5,1,0
41,33,Premium,140.68,329.92,4,24,1
42,50,Standard,107.88,496.6,5,12,0
43,26,Basic,84.49,223.85,9,12,0
44,44,Basic,21.65,308.23,0,1,1
45,52,Basic,149.01,237.02,6,24,0
46,31,Basic,107.29,431.27,8,12,1
47,32,Standard,61.2,456.01,1,1,0
48,59,Premium,134.3,444.81,9,1,1
49,38,Basic,53.6,488.47,4,24,0
50,41,Standard,90.72,62.38,9,1,0
51,60,Standard,102.69,427.92,3,24,0
52,64,Basic,48.74,388.3,5,12,0
53,28,Premium,147.19,152.91,5,12,0
54,26,Standard,117.26,480.34,1,1,1
55,30,Basic,92.52,116.68,1,1,0
56,28,Standard,43.48,355.8,3,24,1
57,53,Standard,27.0,151.2,0,1,0
58,42,Standard,61.61,244.12,8,12,1
59,50,Standard,117.91,373.62,6,1,0
60,58,Standard,55.01,303.5,6,1,0
61,34,Premium,90.14,242.38,2,1,1
62,60,Basic,114.63,196.85,2,12,0
63,38,Basic,34.03,427.85,0,24,0
64,55,Basic,109.09,114.72,2,1,1
65,39,Premium,31.94,243.55,2,1,0
66,32,Basic,145.47,456.69,3,1,1
67,38,Premium,83.49,430.63,3,12,0
68,47,Standard,39.59,230.42,2,1,0
69,64,Premium,64.51,393.4,9,24,1
70,45,Premium,73.74,420.42,7,12,0
71,40,Premium,118.56,450.0,7,12,0
72,42,Premium,116.65,295.03,0,1,1
73,48,Standard,99.55,142.01,6,24,0
74,50,Standard,33.77,164.89,1,1,0
75,49,Basic,39.7,183.06,0,1,0
76,53,Basic,32.19,317.21,2,12,0
77,39,Standard,95.03,64.76,3,12,0
78,25,Standard,134.03,336.22,5,1,1
79,49,Basic,76.39,213.96,9,1,0
80,31,Standard,40.91,182.86,4,12,1
81,33,Premium,92.55,445.77,3,1,0
82,48,Standard,125.53,257.0,7,24,0
83,25,Standard,116.42,92.77,3,12,1
84,32,Premium,134.59,422.04,9,1,0
85,48,Premium,56.13,71.44,1,1,1
86,35,Standard,45.21,377.04,2,1,0
87,41,Premium,134.38,398.26,5,12,1
88,32,Premium,105.48,208.67,7,12,0
89,59,Premium,60.42,421.15,7,1,0
90,59,Basic,116.51,282.05,8,12,0
91,57,Standard,125.97,258.48,6,24,0
92,29,Basic,99.95,70.43,1,1,0
93,63,Basic,109.42,180.51,7,24,0
94,52,Standard,68.78,468.95,6,1,0
95,31,Standard,90.03,226.32,7,1,0
96,33,Premium,88.14,296.02,2,1,0
97,32,Basic,130.25,289.41,6,1,1
98,36,Premium,129.2,315.69,9,1,1
99,58,Standard,128.25,77.6,8,1,0
100,57,Standard,21.43,212.98,2,24,0
101,47,Premium,117.44,375.41,9,24,1
102,48,Standard,118.63,140.25,5,12,0
103,61,Basic,108.19,141.61,1,1,1
104,59,Premium,118.31,54.54,1,1,1
105,64,Basic,129.46,246.87,4,1,1
106,46,Basic,81.14,447.23,4,12,0
107,51,Premium,85.27,73.36,6,24,0
108,59,Basic,36.21,136.0,1,1,0
109,25,Premium,70.1,189.54,6,1,0
110,59,Basic,103.64,379.28,4,12,0
111,61,Premium,121.45,338.29,5,1,1
112,38,Basic,48.24,237.17,7,1,0
113,27,Premium,37.92,391.58,9,12,1
114,25,Premium,106.2,324.33,3,12,1
115,29,Basic,20.24,453.22,6,1,0
116,50,Standard,43.19,418.11,5,1,1
117,38,Premium,23.78,163.77,9,24,1
118,63,Standard,41.7,172.15,1,1,0
119,51,Basic,43.57,106.41,7,1,0
120,33,Standard,70.4,201.63,9,1,0
121,39,Standard,72.3,499.79,8,1,1
122,39,Standard,133.65,232.59,4,1,0
123,50,Standard,86.31,149.22,9,24,1
124,37,Standard,114.04,393.12,3,1,1
125,56,Basic,33.54,294.11,5,1,0
126,63,Standard,49.31,117.32,7,12,0
127,56,Standard,111.38,221.31,2,12,0
128,28,Basic,26.86,236.51,9,24,1
129,54,Premium,83.26,389.22,0,24,0
130,61,Standard,97.92,59.3,3,1,0
131,47,Standard,98.28,171.06,3,12,0
132,63,Premium,22.98,282.92,0,1,0
133,39,Standard,61.87,170.98,8,24,1
134,53,Premium,102.74,332.8,2,1,1
135,60,Standard,39.37,266.84,4,24,1
136,37,Basic,110.4,212.77,5,12,1
137,56,Standard,116.97,477.14,7,1,1
138,31,Standard,147.66,334.47,5,12,1
139,46,Standard,47.28,108.47,2,24,0
140,52,Basic,127.27,302.04,5,24,0
141,26,Basic,87.64,401.33,0,1,0
142,30,Basic,68.55,368.82,3,12,0
143,52,Basic,35.91,127.44,5,1,1
144,52,Standard,115.62,487.59,6,1,1
145,44,Basic,50.66,251.97,9,1,0
146,54,Standard,68.28,121.56,2,1,0
147,35,Standard,28.13,131.09,8,24,1
148,52,Standard,124.18,94.21,6,1,1
149,49,Premium,119.66,411.58,0,24,0
150,63,Standard,115.37,104.91,1,1,0
151,57,Premium,58.93,106.31,0,1,0
152,25,Standard,42.55,432.71,8,1,1
153,51,Basic,102.88,205.07,8,1,1
154,37,Premium,84.5,63.89,6,1,0
155,27,Basic,43.17,73.35,9,1,1
156,63,Basic,109.17,113.98,2,12,0
157,30,Premium,148.85,146.03,4,1,1
158,32,Basic,117.14,349.32,3,1,0
159,51,Premium,116.2,120.8,6,1,0
160,33,Standard,143.54,103.49,8,24,1
161,61,Premium,46.38,394.12,1,24,1
162,57,Standard,93.52,351.97,7,1,1
163,48,Standard,147.35,245.9,8,1,0
164,39,Premium,41.49,297.19,9,1,1
165,56,Basic,111.03,190.39,9,24,1
166,56,Premium,96.16,267.13,8,1,0
167,48,Basic,96.24,278.0,9,1,1
168,36,Standard,110.7,224.26,6,1,0
169,63,Basic,140.85,457.96,8,1,1
170,26,Standard,121.74,57.23,8,1,1
171,27,Basic,27.3,401.98,2,12,1
172,61,Premium,130.85,105.97,3,1,0
173,41,Premium,49.32,408.9,1,12,0
174,26,Premium,69.0,327.16,9,1,0
175,26,Basic,80.03,429.48,2,1,0
176,52,Standard,82.52,93.88,4,24,0
177,47,Standard,76.57,301.54,4,1,1
178,61,Basic,141.86,275.49,5,24,0
179,56,Basic,111.78,367.79,6,12,0
180,57,Standard,102.05,290.43,6,1,1
181,25,Standard,26.48,293.33,0,24,1
182,43,Standard,137.51,243.32,1,1,1
183,26,Standard,138.22,188.98,8,24,1
184,50,Basic,121.43,267.02,9,1,1
185,56,Basic,20.91,103.32,1,24,1
186,30,Basic,27.45,482.68,5,1,1
187,56,Premium,49.28,371.48,0,12,0
188,28,Basic,37.08,478.61,2,12,0
189,35,Basic,71.85,152.03,1,24,0
190,41,Basic,139.94,445.7,2,24,0
191,62,Premium,81.37,413.96,4,24,0
192,48,Premium,21.74,354.72,9,24,1
193,29,Premium,56.76,331.26,5,1,0
194,58,Standard,25.8,192.45,8,1,0
195,30,Standard,24.72,417.38,9,1,1
196,46,Basic,55.84,275.68,3,1,0
197,35,Premium,55.83,81.9,6,1,0
198,40,Premium,122.33,190.79,5,12,0
199,57,Standard,146.73,470.88,1,1,1
200,33,Premium,68.26,432.81,9,12,1
201,30,Standard,75.76,491.86,7,1,0
202,40,Standard,129.82,332.6,6,1,1
203,53,Premium,54.86,161.38,6,12,0
204,27,Premium,40.33,123.27,7,12,1
205,44,Standard,130.9,134.11,0,12,0
206,60,Standard,26.05,58.91,0,12,1
207,43,Basic,100.56,225.81,7,1,1
208,50,Standard,93.06,136.14,3,12,0
209,27,Basic,64.97,235.24,4,1,0
210,43,Standard,60.97,470.75,7,1,1
211,44,Premium,120.34,243.74,4,1,1
212,56,Standard,31.24,445.09,9,1,1
213,31,Standard,50.78,322.48,3,1,0
214,57,Basic,115.22,161.21,5,24,0
215,64,Basic,91.28,210.13,4,24,0
216,63,Standard,36.64,87.76,6,1,0
217,42,Basic,134.68,200.06,9,1,1
218,64,Basic,71.15,354.89,6,1,1
219,25,Standard,127.62,82.45,3,1,0
220,35,Premium,122.4,142.43,4,24,0
221,52,Standard,101.18,221.65,2,1,0
222,49,Basic,84.28,491.92,3,12,0
223,47,Standard,147.34,403.19,3,1,1
224,55,Standard,38.85,380.07,2,24,0
225,54,Standard,114.27,102.29,9,1,0
226,59,Standard,44.85,401.45,4,12,1
227,31,Basic,63.97,403.37,4,1,1
228,40,Standard,60.13,320.5,6,12,0
229,50,Standard,143.11,495.66,3,1,0
230,26,Premium,145.76,196.36,3,1,0
231,25,Standard,43.79,473.57,8,24,0
232,36,Standard,22.86,461.63,5,24,0
233,29,Standard,113.6,55.17,3,24,0
234,61,Standard,74.34,252.55,1,12,0
235,56,Premium,31.55,489.7,5,24,0
236,33,Standard,108.89,96.4,1,1,0
237,59,Standard,90.86,296.5,4,1,0
238,43,Standard,147.47,490.53,5,1,1
239,40,Standard,49.56,299.97,3,12,0
240,27,Standard,72.52,135.42,2,1,0
241,44,Premium,90.53,311.98,6,1,0
242,48,Standard,122.92,142.0,1,12,1
243,57,Standard,91.35,283.87,5,24,0
244,48,Premium,99.68,83.32,3,1,0
245,35,Basic,49.4,322.47,5,1,0
246,32,Basic,130.1,282.56,3,1,1
247,60,Basic,75.72,383.07,3,1,1
248,62,Premium,38.32,333.82,3,1,0
249,64,Basic,106.34,297.32,8,12,1
250,44,Basic,48.09,360.4,6,12,1
251,59,Basic,32.68,114.77,2,12,0
252,49,Basic,132.06,317.91,2,1,0
253,59,Basic,79.82,127.45,5,24,0
254,49,Standard,117.41,466.48,5,1,1
255,53,Standard,57.78,80.75,3,1,0
256,42,Basic,122.31,243.67,8,24,1
257,42,Basic,34.55,363.11,3,1,1
258,26,Basic,66.28,256.11,8,1,1
259,59,Basic,147.15,91.44,3,24,0
260,40,Standard,123.22,299.02,1,1,1
261,60,Standard,84.64,338.73,1,12,1
262,57,Basic,64.17,366.71,4,1,1
263,28,Standard,133.38,217.97,3,12,0
264,57,Basic,90.83,303.65,6,1,0
265,38,Premium,118.6,252.81,4,1,1
266,45,Standard,118.03,352.43,5,12,0
267,44,Standard,22.33,312.6,9,1,1
268,32,Basic,36.41,286.59,3,1,0
269,31,Premium,105.75,162.29,1,1,0
270,27,Basic,41.01,50.91,9,1,1
271,41,Basic,53.21,128.34,8,1,1
272,57,Basic,143.06,102.68,9,1,1
273,36,Basic,92.82,252.09,6,24,0
274,46,Premium,117.59,325.52,3,1,1
275,46,Premium,92.54,145.89,2,1,0
276,54,Basic,91.83,472.58,9,1,1
277,62,Standard,32.24,53.01,2,1,0
278,62,Premium,64.68,397.54,8,24,1
279,32,Premium,56.72,331.34,4,1,0
280,51,Standard,70.79,218.1,2,24,0
281,51,Premium,123.78,72.72,4,1,1
282,58,Premium,68.35,332.37,1,12,0
283,45,Standard,78.72,223.53,3,12,0
284,54,Basic,71.66,471.32,9,24,1
285,57,Standard,32.14,293.9,1,12,1
286,52,Premium,77.34,472.84,1,12,0
287,57,Basic,45.43,149.22,7,1,0
288,29,Premium,44.27,376.58,0,1,0
289,43,Basic,32.22,327.76,6,24,0
290,28,Basic,66.37,382.73,4,1,1
291,59,Basic,118.47,146.6,7,1,0
292,41,Basic,55.94,349.25,0,12,0
293,52,Premium,60.61,274.12,6,1,0
294,54,Premium,103.55,384.27,4,24,0
295,53,Premium,45.46,197.17,3,12,1
296,30,Standard,136.6,450.53,6,12,0
297,59,Basic,87.62,87.94,9,24,0
298,61,Standard,78.19,413.24,1,1,0
299,48,Standard,92.52,437.59,0,1,0
300,53,Standard,41.58,417.76,0,1,0
301,55,Basic,99.75,280.73,0,1,0
302,59,Standard,67.2,247.27,4,12,0
303,57,Standard,136.63,498.32,9,24,1
304,45,Premium,41.95,153.13,6,1,0
305,56,Premium,85.92,296.09,1,1,0
306,47,Standard,97.75,351.8,9,24,1
307,57,Standard,24.34,365.39,7,1,1
308,27,Standard,67.28,141.81,3,1,0
309,42,Basic,115.24,344.3,2,1,1
310,49,Premium,126.65,418.27,9,24,1
311,55,Premium,60.71,72.51,7,12,0
312,27,Standard,123.82,460.18,1,12,0
313,64,Basic,145.81,63.28,2,24,0
314,48,Basic,131.39,210.19,2,1,1
315,56,Standard,35.29,57.12,9,1,1
316,46,Basic,116.16,84.72,0,24,0
317,47,Premium,61.56,460.03,5,1,1
318,26,Basic,148.49,209.69,1,12,1
319,51,Basic,83.1,241.15,0,24,0
320,26,Premium,35.92,146.9,1,12,0
321,50,Standard,114.27,318.69,5,12,0
322,41,Basic,61.99,317.66,3,24,0
323,64,Basic,149.62,217.49,5,24,1
324,57,Basic,147.37,199.87,8,1,1
325,33,Standard,105.3,448.23,9,1,1
326,63,Basic,36.88,222.48,9,1,1
327,53,Standard,109.29,272.08,7,12,0
328,50,Premium,32.09,177.49,0,1,0
329,59,Basic,23.82,404.05,7,12,0
330,49,Premium,126.98,228.85,8,1,1
331,48,Premium,47.27,281.12,5,12,0
332,37,Basic,69.27,164.01,9,1,0
333,31,Premium,146.55,494.45,4,12,1
334,60,Standard,63.79,181.17,5,12,0
335,44,Premium,58.54,396.83,5,1,1
336,25,Standard,139.37,242.37,8,1,1
337,32,Standard,34.4,142.8,3,12,0
338,40,Standard,118.75,409.87,1,1,1
339,38,Premium,148.45,200.12,8,1,1
340,36,Standard,137.17,439.34,1,24,1
341,47,Standard,104.72,461.87,9,12,1
342,39,Premium,60.83,436.92,8,24,0
343,52,Basic,53.06,65.75,1,1,1
344,58,Basic,126.5,404.32,7,1,1
345,26,Basic,134.38,235.1,8,24,0
346,56,Basic,88.31,443.18,9,12,1
347,47,Basic,51.76,337.08,8,12,1
348,46,Premium,34.68,425.14,9,1,0
349,49,Basic,31.33,274.74,8,1,1
350,46,Standard,113.48,290.76,1,1,1
351,46,Basic,74.62,114.97,3,1,0
352,30,Premium,137.7,402.79,6,1,1
353,39,Premium,116.16,238.73,1,1,1
354,61,Standard,44.86,275.04,0,24,0
355,57,Premium,99.79,403.29,2,1,0
356,32,Basic,76.62,319.48,3,12,1
357,29,Premium,95.04,140.49,7,24,0
358,63,Basic,115.95,315.6,5,12,0
359,28,Premium,124.81,233.43,1,1,1
360,30,Basic,129.69,261.29,8,12,1
361,56,Standard,53.02,62.74,1,12,1
362,54,Premium,24.05,144.51,4,12,0
363,59,Basic,116.11,176.47,3,12,1
364,64,Basic,33.82,370.83,6,24,0
365,40,Basic,60.94,55.17,7,12,0
366,37,Basic,20.5,233.95,4,1,0
367,54,Standard,108.62,465.81,9,12,1
368,43,Basic,41.73,100.35,4,1,0
369,41,Basic,105.19,282.39,1,24,0
370,43,Basic,148.93,403.94,7,1,0
371,52,Premium,29.45,474.14,1,1,0
372,50,Basic,30.02,386.05,9,24,1
373,61,Basic,64.25,374.25,5,12,0
374,50,Basic,132.63,421.92,7,1,1
375,47,Standard,48.02,250.79,5,1,0
376,33,Premium,66.85,412.63,3,24,1
377,36,Basic,28.91,53.58,3,1,0
378,25,Basic,119.21,466.05,5,24,0
379,25,Premium,73.08,249.49,3,1,1
380,58,Premium,118.7,299.02,7,12,0
381,56,Basic,137.47,164.7,8,24,1
382,49,Premium,50.26,384.14,0,1,0
383,64,Premium,124.96,84.49,3,1,1
384,25,Basic,27.68,442.69,3,1,1
385,40,Premium,136.85,422.65,1,12,1
386,63,Standard,104.6,147.23,5,12,1
387,29,Standard,133.65,414.2,2,12,0
388,46,Basic,20.02,403.86,6,1,0
389,53,Basic,41.98,334.5,4,1,0
390,27,Premium,70.67,218.08,3,1,0
391,36,Premium,69.34,172.17,4,1,0
392,50,Standard,49.47,154.3,7,12,0
393,40,Standard,69.61,193.37,2,24,0
394,61,Standard,36.75,456.6,6,12,0
395,46,Standard,73.66,84.94,5,1,1
396,53,Basic,124.31,422.99,0,24,1
397,38,Basic,82.28,207.0,6,12,0
398,52,Premium,22.34,284.72,6,24,0
399,29,Basic,74.79,407.52,0,12,0
400,54,Premium,23.53,447.97,8,1,1
401,29,Basic,145.61,205.15,5,1,1
402,36,Basic,36.57,257.83,1,12,0
403,40,Basic,112.0,236.53,4,1,1
404,50,Standard,146.46,55.96,3,1,1
405,50,Premium,127.39,183.17,6,12,0
406,45,Basic,110.91,256.64,7,12,0
407,63,Premium,129.13,234.99,0,12,0
408,60,Standard,147.63,374.87,4,1,1
409,57,Premium,100.77,223.16,2,1,1
410,54,Basic,92.69,270.22,0,12,0
411,61,Premium,101.67,243.32,2,24,1
412,47,Premium,89.25,383.28,5,12,0
413,34,Basic,102.56,438.34,6,24,1
414,29,Basic,78.48,289.35,7,12,0
415,60,Premium,48.4,405.24,3,12,0
416,58,Premium,35.63,183.55,2,1,0
417,55,Basic,28.88,293.62,4,12,0
418,34,Standard,54.23,205.35,8,12,1
419,43,Premium,26.0,236.39,5,12,0
420,56,Premium,93.73,379.59,8,1,1
421,25,Premium,56.9,446.75,5,12,0
422,29,Premium,127.19,104.67,1,1,1
423,28,Standard,29.65,335.59,4,12,1
424,40,Basic,49.43,311.96,8,1,1
425,48,Basic,114.93,103.29,7,24,1
426,40,Standard,97.85,145.35,6,1,0
427,26,Standard,28.38,189.95,0,1,0
428,52,Basic,134.04,125.12,3,1,1
429,56,Premium,134.04,159.68,6,12,0
430,51,Standard,62.95,170.42,6,1,0
431,44,Standard,64.25,201.05,5,1,0
432,48,Standard,148.57,387.23,7,12,1
433,36,Standard,101.4,307.36,5,1,1
434,59,Basic,89.07,493.81,9,24,0
435,57,Basic,128.96,236.63,2,24,0
436,57,Basic,57.09,389.24,3,12,0
437,61,Basic,75.79,442.16,2,1,0
438,36,Standard,54.81,355.54,0,12,0
439,27,Standard,122.59,235.34,9,1,1
440,25,Basic,94.54,389.12,4,1,0
441,57,Premium,105.65,141.65,0,1,0
442,64,Basic,52.8,197.4,0,24,0
443,34,Premium,48.63,296.01,1,1,0
444,53,Premium,83.49,308.93,3,12,1
445,37,Basic,115.88,59.96,5,12,0
446,36,Standard,88.28,475.3,7,1,0
447,55,Basic,24.24,363.48,2,1,0
448,26,Standard,132.91,273.07,0,24,0
449,59,Standard,28.41,469.91,2,12,0
450,47,Basic,144.26,247.59,2,12,0
451,41,Standard,23.27,491.2,4,1,0
452,50,Basic,110.28,280.53,3,1,1
453,32,Basic,30.69,101.43,3,1,0
454,53,Standard,138.39,394.16,8,1,1
455,50,Basic,80.38,355.5,6,1,1
456,34,Standard,37.88,397.84,3,24,0
457,50,Standard,64.31,478.15,2,1,0
458,58,Premium,41.43,399.42,5,1,0
459,31,Basic,42.18,325.1,2,12,0
460,28,Standard,143.25,435.79,5,12,0
461,35,Standard,77.88,352.96,8,1,1
462,53,Basic,122.54,233.65,5,12,0
463,60,Premium,103.15,448.53,3,1,1
464,49,Standard,107.94,149.86,4,1,1
465,45,Standard,37.12,371.59,5,1,0
466,60,Premium,50.44,446.7,2,24,0
467,34,Premium,122.28,379.09,7,1,0
468,61,Premium,146.2,363.77,3,1,1
469,33,Standard,54.15,388.69,7,1,0
470,48,Standard,55.3,259.27,9,24,1
471,59,Basic,81.48,443.38,9,1,1
472,59,Basic,147.9,141.55,2,1,0
473,60,Standard,54.96,107.32,9,1,0
474,42,Basic,72.91,178.48,6,1,0
475,63,Standard,135.89,289.21,8,12,1
476,56,Basic,20.38,279.75,3,12,0
477,48,Basic,25.17,419.27,7,1,1
478,47,Premium,98.53,232.06,2,1,0
479,56,Premium,137.96,267.95,6,1,0
480,61,Basic,51.05,56.02,2,1,0
481,36,Standard,81.05,234.38,6,1,0
482,37,Premium,78.56,341.5,9,12,1
483,47,Basic,81.49,56.98,9,24,1
484,49,Premium,100.93,176.4,5,24,1
485,59,Basic,81.07,143.58,1,24,0
486,54,Basic,78.17,68.89,2,12,1
487,41,Premium,81.66,265.67,5,12,0
488,44,Basic,96.81,131.78,3,1,0
489,49,Standard,89.81,384.39,5,12,0
490,46,Premium,131.04,431.57,0,1,1
491,37,Basic,26.43,295.51,9,1,0
492,43,Standard,128.33,491.77,0,12,0
493,60,Premium,129.71,252.72,2,1,0
494,36,Basic,57.04,281.02,7,1,0
495,43,Premium,80.17,495.15,7,24,0
496,36,Standard,77.01,154.2,3,1,0
497,33,Standard,48.41,474.15,5,1,1
498,31,Standard,71.58,69.28,7,24,1
499,52,Basic,25.77,250.87,6,12,0
500,38,Premium,56.12,81.5,6,12,0
501,55,Premium,126.17,378.16,3,1,1
502,43,Standard,56.99,323.78,8,1,1
503,40,Premium,126.37,367.99,9,24,1
504,29,Standard,89.11,218.52,5,12,0
505,59,Standard,134.38,216.27,2,12,0
506,36,Standard,94.72,70.39,4,1,0
507,49,Standard,23.86,207.48,4,1,0
508,45,Standard,107.8,468.18,4,24,0
509,60,Premium,25.83,220.65,7,1,0
510,47,Standard,78.58,424.12,8,12,1
511,40,Basic,140.83,429.05,8,1,1
512,63,Basic,41.48,217.96,5,12,0
513,63,Standard,70.68,334.39,5,24,1
514,38,Standard,114.88,92.92,8,12,1
515,55,Standard,134.69,96.66,3,1,1
516,29,Standard,107.22,71.9,5,12,0
517,59,Standard,53.56,311.46,3,12,1
518,47,Standard,107.7,241.73,0,1,0
519,53,Basic,58.57,296.61,6,24,0
520,35,Standard,113.4,284.48,9,12,0
521,42,Standard,144.02,207.59,5,24,0
522,36,Premium,113.78,354.86,8,12,1
523,33,Standard,132.17,391.33,6,1,1
524,34,Basic,20.27,56.58,6,1,0
525,41,Basic,113.28,143.26,1,1,0
526,62,Basic,127.85,370.96,8,24,0
527,31,Standard,25.27,223.98,9,12,1
528,37,Basic,133.31,348.12,8,12,1
529,64,Standard,53.37,206.13,5,1,0
530,33,Standard,106.49,225.84,2,1,1
531,51,Basic,124.05,121.41,0,12,0
532,26,Standard,106.15,166.2,3,1,1
533,29,Basic,32.0,322.44,2,1,1
534,53,Standard,97.52,244.92,0,12,0
535,61,Basic,91.45,398.44,2,1,0
536,62,Premium,137.04,433.66,3,1,1
537,43,Basic,72.55,293.74,7,1,0
538,32,Premium,61.74,391.22,8,1,1
539,25,Standard,117.48,188.11,2,24,0
540,46,Premium,73.65,236.74,5,1,0
541,41,Standard,103.99,370.75,9,1,1
542,31,Standard,104.04,223.8,4,1,1
543,49,Premium,135.45,314.83,5,12,0
544,28,Standard,97.83,133.42,3,1,0
545,60,Standard,85.28,319.9,9,12,1
546,30,Standard,38.05,437.68,5,1,0
547,55,Standard,35.05,440.89,6,1,1
548,43,Basic,40.06,375.95,8,1,1
549,63,Basic,42.34,385.59,9,24,1
550,51,Standard,102.92,301.07,6,24,0
551,34,Standard,116.33,313.1,5,1,1
552,50,Premium,88.9,110.14,0,12,0
553,43,Standard,127.77,249.74,1,24,0
554,63,Premium,148.86,252.85,0,1,0
555,27,Basic,126.6,481.32,8,24,1
556,37,Basic,110.33,243.99,9,1,1
557,52,Basic,89.22,297.2,9,24,0
558,44,Standard,78.35,289.96,8,12,1
559,52,Premium,30.97,336.54,6,24,1
560,32,Basic,71.92,386.7,1,12,0
561,63,Premium,138.32,151.27,5,1,1
562,25,Standard,125.04,287.93,3,24,0
563,27,Standard,48.09,421.66,0,1,0
564,37,Standard,80.66,258.4,0,1,0
565,52,Basic,126.17,175.31,4,12,0
566,49,Standard,28.76,344.62,1,12,0
567,57,Standard,70.36,420.7,3,24,1
568,62,Basic,130.74,78.41,0,1,0
569,30,Standard,72.51,399.56,3,12,0
570,56,Basic,30.09,419.74,5,12,0
571,45,Standard,90.53,257.69,9,1,1
572,40,Standard,132.03,492.49,3,1,0
573,45,Standard,96.74,404.02,0,1,0
574,35,Standard,49.42,398.15,6,1,0
575,61,Basic,69.95,386.53,1,24,0
576,60,Standard,78.52,117.77,8,12,0
577,59,Basic,95.3,147.75,2,12,0
578,43,Basic,118.72,258.8,7,24,0
579,44,Premium,32.85,168.8,7,1,1
580,42,Basic,135.65,236.86,2,24,0
581,38,Standard,21.6,449.81,3,1,0
582,39,Standard,68.11,420.95,1,24,0
583,55,Basic,23.56,333.52,3,1,0
584,25,Basic,71.09,436.15,8,24,1
585,27,Basic,88.36,402.7,1,1,0
586,40,Premium,86.52,243.04,2,1,0
587,47,Standard,41.53,140.48,3,12,0
588,35,Basic,103.95,281.39,4,1,1
589,36,Standard,25.82,381.3,0,12,1
590,34,Standard,119.05,246.39,6,1,0
591,56,Basic,143.06,350.05,9,12,1
592,40,Standard,64.17,92.45,6,1,0
593,32,Standard,87.24,386.6,8,1,0
594,62,Premium,69.26,415.72,3,1,0
595,36,Basic,20.87,368.08,5,1,0
596,48,Basic,70.16,485.27,1,1,0
597,52,Basic,122.92,421.99,3,1,0
598,32,Standard,97.48,456.39,1,1,0
599,52,Basic,33.16,470.11,9,1,1
600,60,Standard,130.13,410.61,4,12,0
601,50,Premium,89.04,353.42,6,24,1
602,32,Standard,129.42,52.57,0,1,1
603,52,Standard,95.43,259.62,9,12,1
604,52,Premium,92.76,307.02,9,12,1
605,61,Standard,33.68,186.81,6,1,1
606,60,Standard,41.76,193.15,9,12,0
607,51,Basic,146.36,482.52,5,1,1
608,41,Premium,49.7,451.27,5,12,0
609,33,Basic,147.07,432.13,7,1,1
610,57,Basic,89.15,232.71,7,12,0
611,44,Basic,37.65,56.16,5,12,0
612,37,Standard,32.91,86.1,2,1,1
613,52,Basic,47.15,190.49,4,1,1
614,53,Basic,140.33,57.08,1,24,1
615,37,Basic,73.84,57.72,4,1,0
616,59,Basic,71.41,462.47,8,12,1
617,30,Standard,60.72,367.77,9,24,1
618,42,Standard,39.12,189.03,0,12,0
619,29,Basic,83.42,109.69,9,12,1
620,49,Standard,36.91,280.24,4,12,0
621,26,Standard,128.61,52.41,5,24,0
622,34,Basic,68.15,472.29,6,1,0
623,54,Basic,68.72,236.67,8,1,1
624,29,Premium,81.62,231.05,5,1,0
625,57,Standard,77.74,225.77,4,24,0
626,25,Basic,149.33,81.2,6,12,0
627,42,Standard,90.9,337.25,0,1,0
628,56,Basic,31.47,379.85,4,24,0
629,35,Standard,98.89,354.26,1,1,0
630,45,Basic,39.71,112.3,3,1,0
631,50,Basic,24.02,310.48,6,12,0
632,49,Basic,146.2,306.27,4,1,1
633,46,Premium,120.56,440.78,5,24,0
634,51,Standard,147.41,220.61,1,1,1
635,37,Basic,82.12,217.17,2,24,1
636,57,Basic,89.19,328.34,6,12,0
637,58,Standard,41.88,334.88,1,1,1
638,59,Basic,52.1,261.18,5,24,1
639,25,Basic,129.01,249.38,4,12,0
640,45,Premium,66.3,272.37,9,1,1
641,30,Basic,127.49,437.47,0,1,0
642,52,Standard,112.17,257.53,9,24,1
643,41,Premium,43.03,472.97,3,1,0
644,29,Basic,85.97,276.8,1,1,0
645,55,Basic,108.06,477.14,3,1,1
646,29,Basic,50.55,424.77,0,1,0
647,62,Premium,127.99,213.09,1,12,0
648,27,Premium,90.83,438.64,7,1,0
649,47,Premium,41.48,99.53,5,1,0
650,61,Basic,95.79,466.27,1,1,0
651,61,Premium,149.96,334.24,5,1,1
652,34,Premium,39.57,74.48,9,24,1
653,34,Standard,126.18,339.92,8,1,1
654,43,Premium,46.95,488.41,6,24,1
655,41,Premium,121.71,81.41,8,1,1
656,45,Standard,115.5,299.61,4,1,1
657,38,Standard,59.06,386.51,6,24,0
658,33,Basic,62.36,414.62,6,1,0
659,25,Basic,123.03,236.22,2,12,0
660,37,Standard,79.99,141.87,6,24,1
661,28,Basic,115.01,69.05,0,1,0
662,25,Premium,39.24,310.88,8,1,1
663,64,Premium,130.83,253.81,9,12,1
664,56,Premium,112.42,476.93,5,1,0
665,58,Basic,137.9,77.27,4,1,1
666,52,Basic,37.21,358.43,6,1,1
667,55,Basic,97.09,61.23,4,1,0
668,32,Standard,97.89,127.15,9,12,0
669,63,Premium,65.95,254.11,4,1,1
670,50,Premium,79.6,254.69,9,1,1
671,58,Standard,24.94,358.57,6,12,0
672,27,Premium,116.96,459.6,9,1,1
673,36,Premium,91.41,337.56,6,1,0
674,25,Basic,27.51,479.09,2,12,0
675,29,Premium,108.5,446.73,2,1,1
676,54,Basic,80.68,313.02,9,12,1
677,54,Basic,24.48,425.21,2,24,0
678,41,Standard,146.05,339.16,5,1,1
679,47,Basic,143.38,85.35,5,12,0
680,39,Standard,86.68,383.25,2,1,0
681,61,Standard,32.18,92.71,2,1,0
682,45,Standard,118.1,317.34,7,24,0
683,38,Basic,83.95,366.19,7,24,1
684,26,Standard,59.32,79.94,6,1,0
685,35,Standard,83.88,153.86,9,12,1
686,63,Standard,87.92,462.05,3,24,0
687,62,Standard,93.15,327.34,3,24,0
688,58,Basic,77.36,160.83,2,12,0
689,62,Standard,98.75,360.81,4,1,1
690,58,Basic,139.44,318.55,2,1,0
691,42,Standard,67.09,275.71,7,24,0
692,54,Premium,114.34,489.28,6,1,0
693,39,Standard,136.28,357.55,2,12,0
694,51,Standard,79.28,218.95,8,1,0
695,58,Premium,77.65,410.03,4,1,0
696,62,Premium,98.28,448.06,8,1,1
697,57,Premium,96.88,106.35,6,24,0
698,48,Premium,124.86,140.25,6,1,0
699,39,Basic,81.94,147.3,5,12,0
700,54,Basic,149.5,361.05,1,1,0
701,41,Standard,27.73,321.37,8,1,0
702,29,Basic,20.41,328.55,5,1,0
703,53,Standard,103.23,473.35,7,12,0
704,28,Basic,58.8,399.16,0,1,0
705,34,Standard,51.25,107.57,4,1,0
706,41,Standard,60.55,206.38,0,1,0
707,34,Standard,53.29,245.93,9,1,1
708,41,Standard,24.0,228.18,7,24,0
709,44,Premium,146.3,351.19,7,24,0
710,48,Standard,48.7,451.35,0,1,0
711,29,Premium,115.42,187.72,8,12,1
712,58,Basic,119.14,298.34,1,24,0
713,30,Premium,140.8,405.23,8,1,1
714,26,Standard,23.97,237.3,0,24,0
715,37,Basic,133.37,125.65,9,24,1
716,35,Basic,88.54,263.73,8,1,1
717,47,Standard,102.23,74.85,3,1,1
718,40,Basic,103.78,474.07,8,24,1
719,55,Basic,126.57,83.67,6,12,0
720,35,Standard,63.34,247.31,5,1,0
721,40,Standard,115.3,288.45,4,1,1
722,32,Standard,88.72,493.39,8,1,0
723,28,Premium,123.14,124.71,1,12,0
724,64,Standard,148.77,101.49,1,12,0
725,28,Standard,46.08,53.92,8,24,0
726,49,Basic,149.3,120.01,2,1,1
727,27,Standard,31.68,143.27,7,12,0
728,56,Basic,20.3,333.76,8,12,1
729,27,Premium,25.74,148.87,7,1,1
730,51,Premium,64.43,59.23,3,1,0
731,53,Standard,102.28,421.98,0,24,0
732,56,Basic,28.97,214.52,3,24,1
733,43,Premium,20.74,209.16,8,1,1
734,45,Premium,141.82,186.12,1,12,0
735,29,Basic,126.85,488.92,2,1,0
736,42,Basic,125.19,126.55,9,12,1
737,52,Premium,134.98,454.21,7,12,0
738,46,Basic,111.0,399.56,5,12,0
739,45,Premium,33.57,84.42,7,24,0
740,30,Standard,71.88,494.03,6,12,0
741,25,Basic,114.01,172.11,4,1,1
742,29,Premium,56.44,94.36,8,12,1
743,36,Basic,109.36,423.19,3,1,1
744,50,Standard,23.18,368.0,5,1,0
745,58,Basic,59.8,327.75,1,1,0
746,38,Basic,91.39,120.19,1,1,1
747,50,Standard,102.17,265.32,1,12,1
748,51,Standard,95.02,401.25,9,1,1
749,33,Standard,110.71,186.63,6,12,0
750,50,Premium,20.79,190.26,1,12,0
751,46,Standard,33.12,51.41,1,1,1
752,54,Basic,132.96,128.41,8,24,1
753,41,Basic,108.63,443.93,6,1,0
754,50,Premium,34.68,248.79,2,1,0
755,60,Premium,129.47,492.91,2,12,0
756,25,Standard,51.49,228.07,6,1,0
757,32,Basic,82.17,371.83,4,1,0
758,59,Basic,38.88,176.86,9,12,1
759,39,Standard,112.31,213.71,5,12,0
760,46,Premium,106.69,135.83,7,1,1
761,38,Standard,47.44,206.18,8,24,0
762,50,Premium,132.24,296.26,0,12,0
763,52,Premium,72.17,496.3,2,24,0
764,47,Basic,58.03,348.89,6,1,0
765,38,Standard,39.8,139.66,5,12,0
766,48,Basic,54.6,70.23,6,24,0
767,26,Basic,22.86,106.86,7,12,0
768,50,Premium,95.82,303.15,5,12,1
769,38,Standard,129.49,394.32,2,1,1
770,31,Standard,91.37,473.19,1,1,0
771,27,Basic,48.51,57.12,6,1,0
772,47,Basic,24.38,285.24,0,1,0
773,42,Basic,47.9,261.89,2,24,1
774,62,Basic,74.1,345.22,3,1,0
775,59,Standard,118.75,301.81,0,24,1
776,39,Basic,44.42,359.17,4,24,0
777,49,Standard,113.57,346.14,9,1,0
778,61,Basic,132.7,102.66,2,1,1
779,52,Basic,79.01,409.87,1,24,1
780,34,Basic,126.79,105.45,2,24,0
781,63,Standard,92.11,364.34,7,1,0
782,41,Standard,102.82,237.27,5,1,0
783,63,Standard,88.42,281.23,6,12,1
784,46,Standard,80.21,456.48,5,12,0
785,50,Standard,50.5,450.45,5,1,0
786,49,Basic,59.42,418.04,2,12,1
787,41,Basic,57.7,279.57,7,1,0
788,37,Premium,93.23,381.31,6,1,0
789,44,Standard,35.59,280.8,6,1,0
790,49,Basic,139.18,441.32,5,1,1
791,28,Premium,113.69,231.25,4,1,1
792,34,Premium,72.19,486.61,9,1,1
793,27,Basic,40.62,469.55,7,1,0
794,42,Standard,134.66,383.72,4,1,1
795,60,Standard,127.09,175.74,8,1,1
796,46,Standard,113.82,109.24,8,24,1
797,58,Basic,55.3,434.62,0,1,0
798,32,Basic,72.32,124.39,5,1,0
799,64,Standard,33.36,434.42,6,12,0
800,43,Standard,44.58,270.84,2,24,1
801,61,Premium,121.79,232.95,6,1,1
802,30,Standard,112.96,456.44,6,12,0
803,50,Basic,97.15,321.73,1,12,0
804,58,Standard,136.44,309.48,6,12,0
805,30,Basic,95.82,301.44,0,1,1
806,61,Standard,80.71,217.03,4,12,1
807,57,Standard,64.25,403.54,8,1,0
808,46,Basic,142.26,163.76,6,12,0
809,45,Standard,30.75,472.5,6,12,0
810,30,Basic,141.02,452.29,1,1,1
811,30,Basic,127.47,201.87,7,24,0
812,28,Basic,36.89,378.26,2,1,0
813,54,Basic,93.45,307.95,7,24,0
814,35,Premium,132.65,201.94,2,1,1
815,54,Standard,94.34,494.83,9,1,1
816,55,Basic,137.94,61.36,6,1,1
817,48,Standard,142.59,163.69,1,24,0
818,33,Basic,74.91,284.03,3,1,0
819,27,Premium,69.05,284.88,5,1,0
820,55,Standard,141.72,315.02,8,1,1
821,64,Premium,107.77,388.25,4,12,0
822,61,Basic,35.08,330.57,8,12,1
823,60,Standard,25.5,320.13,4,1,0
824,48,Standard,93.4,74.08,9,1,1
825,55,Premium,140.92,219.44,7,1,1
826,30,Basic,129.75,154.43,0,1,1
827,26,Basic,107.86,169.42,6,1,1
828,44,Premium,38.09,299.45,3,12,1
829,52,Standard,53.05,139.78,4,1,0
830,35,Basic,133.82,182.28,5,1,1
831,28,Basic,43.76,156.69,4,1,0
832,39,Premium,56.2,476.83,0,24,0
833,30,Basic,36.85,475.1,8,24,1
834,54,Standard,107.89,324.47,1,24,0
835,62,Premium,142.72,466.04,8,1,1
836,26,Basic,54.97,403.62,9,1,0
837,39,Standard,81.8,315.48,1,1,0
838,35,Basic,102.46,52.9,8,1,0
839,32,Basic,149.93,397.63,5,12,0
840,50,Premium,33.63,366.12,8,12,1
841,29,Premium,84.81,326.86,5,24,0
842,30,Standard,70.07,392.19,5,24,1
843,50,Standard,132.56,280.81,1,1,1
844,28,Basic,81.88,366.84,7,12,0
845,43,Basic,34.43,470.83,2,1,1
846,44,Basic,102.48,219.11,6,1,1
847,57,Basic,120.2,368.65,4,12,1
848,44,Basic,20.37,264.06,2,1,0
849,36,Basic,131.66,353.48,0,1,1
850,25,Basic,44.18,393.3,7,1,0
851,50,Basic,91.77,70.45,2,12,0
852,38,Standard,74.05,340.97,1,12,0
853,62,Premium,113.55,152.03,0,1,1
854,61,Basic,68.25,351.51,3,24,0
855,35,Premium,133.07,260.75,7,1,0
856,60,Premium,114.96,398.1,2,1,1
857,37,Basic,104.2,105.53,0,12,0
858,27,Premium,123.51,331.85,3,12,0
859,57,Standard,118.02,175.31,8,24,1
860,30,Standard,24.67,433.84,0,1,1
861,34,Basic,71.32,467.77,1,12,0
862,29,Standard,141.0,498.38,8,12,1
863,47,Basic,36.34,408.2,1,24,0
864,34,Standard,115.82,389.18,2,1,1
865,26,Standard,146.7,146.98,6,12,0
866,37,Standard,26.79,201.2,2,12,0
867,64,Standard,108.69,259.56,8,1,1
868,26,Standard,80.86,398.02,5,1,1
869,44,Basic,95.29,461.73,2,1,0
870,25,Basic,31.09,135.11,8,12,1
871,61,Premium,25.59,465.07,0,24,0
872,33,Basic,106.69,363.03,9,12,0
873,41,Basic,127.03,324.85,2,12,0
874,33,Basic,121.66,139.93,0,12,0
875,35,Basic,90.69,74.99,1,1,0
876,39,Premium,32.98,305.81,7,1,0
877,48,Standard,109.45,343.18,6,1,1
878,62,Premium,51.45,144.85,1,1,0
879,59,Standard,138.44,300.41,1,1,0
880,54,Standard,128.97,435.42,8,12,1
881,55,Basic,112.22,425.78,5,1,0
882,29,Standard,143.35,467.31,4,1,0
883,38,Basic,24.08,214.65,9,1,1
884,35,Premium,115.71,193.12,5,1,1
885,33,Premium,62.93,387.24,8,24,1
886,58,Basic,137.79,244.0,6,24,1
887,36,Premium,54.67,89.4,9,12,1
888,59,Premium,114.23,177.26,9,1,1
889,59,Standard,134.09,238.36,8,12,0
890,25,Basic,25.42,181.63,3,24,1
891,64,Standard,71.69,199.49,1,12,0
892,46,Standard,119.1,182.2,7,1,1
893,53,Basic,79.14,68.67,3,12,0
894,32,Basic,54.74,336.69,8,24,1
895,35,Premium,48.57,318.78,3,12,0
896,61,Basic,37.1,344.02,7,12,0
897,38,Standard,131.43,136.54,8,1,1
898,54,Premium,94.8,183.04,8,12,1
899,59,Premium,29.93,328.83,9,1,0
900,45,Basic,69.74,319.83,3,12,0
901,61,Premium,67.81,277.85,0,1,1
902,29,Basic,43.63,207.69,2,1,0
903,43,Basic,76.62,460.82,8,1,1
904,38,Standard,63.17,202.9,3,12,0
905,50,Basic,64.43,255.03,4,1,1
906,28,Basic,116.07,355.15,6,12,1
907,49,Standard,49.02,294.36,4,12,0
908,49,Basic,103.44,206.1,3,1,1
909,42,Basic,94.18,246.04,1,1,0
910,64,Standard,93.85,407.52,1,1,0
911,32,Premium,106.19,175.16,3,24,1
912,63,Standard,91.29,114.01,9,12,1
913,64,Basic,134.3,190.92,9,1,1
914,38,Standard,107.83,432.29,8,1,1
915,56,Basic,91.11,90.05,7,12,1
916,62,Basic,127.87,496.26,2,24,1
917,57,Premium,98.8,293.45,8,24,1
918,47,Basic,57.85,493.18,4,12,0
919,39,Basic,46.92,472.55,2,1,0
920,57,Standard,39.8,253.77,4,1,0
921,49,Standard,136.93,139.32,9,1,1
922,41,Standard,112.32,124.2,3,1,0
923,57,Basic,141.86,158.0,7,1,0
924,26,Basic,98.43,369.56,4,1,0
925,38,Basic,81.54,172.83,9,1,1
926,64,Basic,27.76,203.64,7,24,0
927,64,Standard,107.31,251.95,8,12,1
928,63,Premium,95.69,460.95,3,24,0
929,30,Standard,148.73,135.23,6,12,0
930,30,Premium,51.09,52.26,1,1,0
931,27,Standard,89.0,77.04,5,12,0
932,31,Standard,104.62,457.14,7,1,1
933,32,Basic,103.8,341.38,6,12,1
934,39,Standard,92.97,172.87,6,1,0
935,53,Standard,121.0,129.74,7,24,0
936,57,Basic,46.65,182.42,6,1,0
937,54,Basic,114.33,101.66,4,1,1
938,63,Premium,100.57,473.69,6,24,0
939,51,Basic,136.49,402.89,9,1,0
940,60,Basic,130.14,258.08,2,12,0
941,53,Standard,60.97,439.23,4,12,0
942,62,Premium,55.91,162.26,6,24,0
943,57,Standard,147.61,372.7,8,24,1
944,61,Standard,88.54,435.26,1,24,0
945,51,Basic,137.83,210.55,3,1,0
946,57,Standard,41.3,390.86,6,24,0
947,28,Basic,103.57,182.78,0,12,1
948,46,Premium,125.28,184.49,1,12,0
949,26,Standard,143.16,98.18,8,1,1
950,34,Basic,63.85,248.03,9,12,0
951,29,Basic,114.25,378.37,6,24,0
952,34,Basic,90.05,473.1,9,24,1
953,57,Basic,27.88,321.71,6,1,0
954,62,Basic,109.7,438.41,5,1,1
955,37,Standard,109.71,420.12,2,1,1
956,55,Standard,140.98,128.0,9,24,1
957,60,Basic,84.65,268.62,2,12,0
958,48,Basic,49.93,102.62,1,1,0
959,39,Basic,25.79,356.97,5,1,0
960,53,Premium,74.03,477.45,3,1,0
961,32,Basic,59.25,111.69,4,1,0
962,29,Standard,118.94,380.25,2,24,0
963,53,Premium,66.05,334.51,5,12,0
964,28,Standard,143.38,312.62,2,1,1
965,36,Premium,145.1,225.55,7,12,0
966,26,Basic,100.72,209.81,8,1,1
967,51,Premium,140.73,70.36,3,24,1
968,55,Basic,118.91,148.06,8,1,1
969,60,Basic,91.09,56.83,6,1,0
970,60,Standard,43.44,311.64,2,1,0
971,50,Premium,79.62,97.63,6,12,0
972,51,Premium,92.91,442.86,0,12,1
973,29,Basic,132.32,285.41,2,12,0
974,44,Basic,82.57,364.86,5,1,0
975,35,Premium,136.7,234.89,3,1,1
976,34,Basic,107.67,302.26,6,1,0
977,64,Premium,37.81,474.2,2,12,1
978,62,Premium,149.35,87.23,0,1,1
979,30,Standard,88.54,164.27,8,12,1
980,32,Basic,70.94,400.99,5,24,0
981,47,Standard,105.68,94.43,7,24,0
982,50,Basic,34.16,84.05,2,1,1
983,36,Premium,102.75,212.69,7,1,0
984,50,Standard,84.77,91.48,1,1,1
985,37,Premium,72.87,313.29,3,12,0
986,64,Basic,143.89,151.82,2,24,0
987,42,Premium,87.93,453.06,9,1,1
988,49,Standard,48.49,402.58,0,1,0
989,57,Basic,79.67,364.87,6,24,0
990,64,Basic,139.52,327.62,9,24,1
991,36,Standard,42.89,438.56,1,1,0
992,60,Standard,47.81,150.38,3,12,0
993,28,Premium,21.69,442.9,8,1,1
994,29,Basic,21.84,405.27,5,1,0
995,61,Basic,127.82,386.67,7,24,0
996,32,Standard,115.18,302.57,1,24,0
997,52,Basic,66.16,160.81,6,12,0
998,55,Standard,110.78,240.6,5,1,0
999,33,Premium,71.38,407.11,8,24,1
1000,53,Premium,143.88,64.3,6,1,1
